番号,品目,図番,品名,列1,列2,列3
,TUA60,,,,,
1,45TUA6000002500E28,【R】TUA60-E28-00002-500,ﾎﾙﾀﾞｰ固定軸(TUA60-E28)EG-ZN-C,,,
2,45TUA60042035A0,【R】TUA60-04203-5A0,ｼｬﾌﾄA(TUA60),,,
3,45TUA60043034A1,【R】TUA60-04303-4A1,ﾎﾙﾀﾞｰｱｰﾑ取付板(TUA60)EG-ZN-C付,,,
4,45TUA60045035C0,【R】TUA60-04503-5C0,ｼｬﾌﾄC(TUA60),,,
5,45TUA6004732501,【R】TUA60-04732-501,SPﾘﾝｸ(TUA60),,,
6,45TUA60102025A0,【R】TUA60-10202-5A0,ﾕﾆｯﾄ ﾄﾞｱ補強板(TUA60),,,
7,45TUA60102035B0,【R】TUA60-10203-5B0,蝶番(TUA60)三価ﾕﾆｸﾛ鍍金,,,
8,45TUA60102105A1,【R】TUA60-10210-5A1,蝶番ﾎﾙﾀﾞｰ(TUA60),,,
9,45TUA60111014D0,【R】TUA60-11101-4D0,ｲﾝﾅｰﾌﾚｰﾑASSY(TUA60),,,
10,45TUA60111035B0,【R】TUA60-11103-5B0,ｲﾝﾅｰﾌﾚｰﾑ柱 2(TUA60),,,
11,45TUA60111105B1,【R】TUA60-11110-5B1,ｲﾝﾅｰﾌﾚｰﾑ板 1(TUA60),,,
12,45TUA6011118400S04,【R】TUA60-S4-11118-400,ｲﾝﾅｰﾌﾚｰﾑASSY(TUA60-S4),,,
13,45TUA6011129500S30,【R】TUA60-S30-11129-400,ｲﾝﾅｰﾌﾚｰﾑASSY(TUA60-S30),,,
14,45TUA60112025C0,【R】TUA60-11202-5C0,ﾍﾞｰｽﾝ ｶﾞｲﾄﾞﾎﾟｽﾄ(TUA60),,,
15,45TUA60113025A0,【R】TUA60-11302-5A0,動作ｽｲｯﾁ固定板(TUA60),,,
16,45TUA6011311500,【R】TUA60-11311-500,ﾍﾞｰｽﾝﾌｫﾄｲﾝﾀﾗﾌﾟﾀ中継板(TUA60),,,
17,45TUA6012308501,【R】TUA60-12308-501,ｳｫｰﾏﾌﾞﾗｹｯﾄ(TUA60),,,
18,45TUA6012309501,【R】TUA60-12309-501,ｳｫｰﾏｶﾊﾞｰ(TUA60),,,
19,45TUA60141135A0,【R】TUA60-14113-5A0,ﾍﾞｰｽﾝﾍﾞｰｽ 上(TUA60),,,
20,45TUA60141145A0,【R】TUA60-14114-5A0,ﾍﾞｰｽﾝﾍﾞｰｽ 下(TUA60),,,
21,45TUA6014432501,【R】TUA60-14432-501,鉢洗いﾊﾟｲﾌﾟ ﾎﾙﾀﾞｰ(TUA60),,,
22,45TUA60146015A1,【R】TUA60-14601-5A1,ﾍﾞｰｽﾝ回転軸(TUA60),,,
23,45TUA60146085B0,【R】TUA60-14608-5B0,ﾍﾞｰｽﾝ ｼｬﾌﾄﾅｯﾄ(TUA60),,,
24,45TUA60150025C0,【R】TUA60-15002-5C0,PCB ﾎﾙﾀﾞｰ(TUA60),,,
25,45TUA60170064B0,【R】TUA60-17006-4B0,VCﾀﾝｸﾎﾙﾀﾞｰ ASSY(TUA60),,,
26,45TUA60180054A0S06,【R】TUA60-S6-18005-4A0,ｽﾋﾟｯﾄﾝﾊﾞﾙﾌﾞﾎﾙﾀﾞｰ ASSY(TUA60-S6),,,
27,45TUA60180054A0S3,【R】TUA60-S3-18005-4A0,AVCﾎﾙﾀﾞｰ ASSY(TUA60-S3)EG-ZN-C付,,,
28,45TUA60190054A0,【R】TUA60-19005-4A0,VCﾀﾝｸﾎﾙﾀﾞｰ ASSY(ｾﾝﾄﾗﾙ)(TUA60),,,
29,45TUA6026303400,【R】TUA60-26303-400,ﾕﾆｯﾄ運搬棒ASSY(TUA60),,,
30,45TUA6026321500,【R】TUA60-26321-500,ﾃｰﾌﾞﾙﾎﾙﾀﾞｰ連結板(TUA60),,,
31,45TUA6031321501,【R】TUA60-31321-501,TUGｳｴｲﾄ(TUA60),,,
32,45TUA6031705500,【R】TUA60-31705-500,SPﾜｯｼｬｰ(TUA60),,,
33,45TUA60327015A0,【R】TUA60-32701-5A0,SPｼｬﾌﾄA(TUA60),,,
34,45TUA60327025A0,【R】TUA60-32702-5A0,SPｼｬﾌﾄB(TUA60),,,
35,45TUA60327085A0,【R】TUA60-32708-5A0,SPｱｼﾞｬｽﾀｰ(TUA60),自動品,,
36,45TUA60327155A0,【R】TUA60-32715-5A0,ﾌﾞﾚｰｷ板(TUA60),,,
37,45TUA60327175A0,【R】TUA60-32717-5A0,ﾌﾞﾚｰｷﾎﾞﾙﾄ(TUA60),,,
38,45TUA6033201500,【R】TUA60-33201-500,ﾎﾟｰﾙ(TUA60),,,
39,45TUA6033301500,【R】TUA60-33301-500,ｼｬﾌﾄ(TUA60),,,
40,45TUA60343025B0,【R】TUA60-34302-5B0,ﾎﾙﾀﾞｰ補強板(TUA60)EG-ZN-C付,,,
41,45TUA60412014B1,【R】TUA60-41201-4B1,ﾃｰﾌﾞﾙﾌﾚｰﾑASSY(TUA60),,,
42,45TUA60412025B0,【R】TUA60-41202-5B0,ﾃｰﾌﾞﾙｾﾝﾀｰ(TUA60),,,
43,45TUA6041208400S10,【R】TUA60-S10-41208-400,ﾃｰﾌﾞﾙﾌﾚｰﾑASSY(TUA60-S10)EG-ZN-C,,,
44,45TUA60412095A0,【R】TUA60-41209-5A0,ﾃｰﾌﾞﾙ連結板(TUA60),,,
45,45TUA6041224400S23,【R】TUA60-S23-41224-400,ﾃｰﾌﾞﾙﾌﾚｰﾑASSY(TUA60-S23)EG-ZN-C付,,,
46,45TUA6041225500S23,【R】TUA60-S23-41225-500,ﾃｰﾌﾞﾙｾﾝﾀｰ(TUA60-S23)EG-ZN-C付,,,
47,45TUA6041229400S17,【R】TUA60-S17-41229-400,ﾃｰﾌﾞﾙﾌﾚｰﾑASSY+VIS･VL(TUA60-S17),,,
48,45TUA6041229400S31,【R】TUA60-S31-41229-400,ﾃｰﾌﾞﾙﾌﾚｰﾑASSY+VL･GBA(TUA60-S31),,,
49,45TUA60413055A0,【R】TUA60-41305-5A0,SWｹｰｽ取付板L(TUA60),,,
50,45TUA60413065A0,【R】TUA60-41306-5A0,SWｹｰｽ取付板R(TUA60),,,
51,45TUA6046001501,【R】TUA60-46001-501,ﾓﾆﾀｰｳｪｲﾄ(TUA60),,,
52,45TUA6046004501,【R】TUA60-46004-501,TUGｳｪｲﾄ2(TUA60),,,
53,45TUA6060104500S3,【R】TUA60-S3-60104-500,ﾋﾟｯﾄﾌﾚｰﾑ(TUA60-S3)EG-ZN-C付,,,
54,45TUA6060118500,【R】TUA60-60118-500,安全ｽｲｯﾁ作動板A(TUA60),,,
55,45TUA60601195A0,【R】TUA60-60119-5A0,安全ｽｲｯﾁ作動板B(TUA60),,,
56,45TUA6060148501S35,【R】TUA60-S35-60148-501,安全ｽｲｯﾁ作動板A(TUA60-S35)EG-ZN-C付,,,
57,45TUA6060151500S35,【R】TUA60-S35-60151-500,ﾋﾟｯﾄﾌﾚｰﾑ2(TUA60-S35),,,
58,45TUA6060160500,【R】TUA60-60160-500,ﾋﾟｯﾄﾌﾚｰﾑ1(TUA60),,,
59,45TUA6060161500,【R】TUA60-60161-500,ﾋﾟｯﾄﾌﾚｰﾑ2(TUA60),,,
60,45TUA6060162500,【R】TUA60-60162-500,ﾋﾟｯﾄﾌﾚｰﾑ3(TUA60),,,
61,45TUA6060164501,【R】TUA60-60164-501,安全ｽｲｯﾁ作動板C(TUA60),,,
62,45TUA6060165500,【R】TUA60-60165-500,安全ｽｲｯﾁ作動板D(TUA60),,,
63,45TUA6060168500S2,【R】TUA60-S2-60168-500,別置きﾋﾟｯﾄﾌﾚｰﾑ2(TUA60-S2),,,
64,45TUA60603035A0,【R】TUA60-60303-5A0,ﾒｲﾝSW取付板(TUA60),,,
65,45TUA60603165A1,【R】TUA60-60316-5A1,防水板(TUA60),,,
66,45TUA60603175A1,【R】TUA60-60317-5A1,端末板(TUA60),,,
67,45TUA60643025A0,【R】TUA60-64302-5A0,ｴｱｰ減圧弁取付板(TUA60),,,
68,45TUA60685045A0,【R】TUA60-68504-5A0,除菌ｶｰﾄﾘｯｼﾞ固定板W(TUA60),,,
69,45TUA60685085A0,【R】TUA60-68508-5A0,除菌ｶｰﾄﾘｯｼﾞ取付板A(TUA60),,,
70,45TUA6092122502,【R】TUA60-92122-502,ﾍｯﾄﾞﾚｽﾄ取付板(TUA60),,,
71,45TUA60961024B1,【R】TUA60-96102-4B1,ｱｰﾑﾚｽﾄ芯材(DH)ASSY(TUA60)EG-ZN-C付,自動品,通い箱1：12本,78/月
72,45TUA60962024B1,【R】TUA60-96202-4B1,ｱｰﾑﾚｽﾄ芯材(Dr)ASSY(TUA60)EG-ZN-C付,自動品,通い箱1：12本,145/月
73,45TUA60974014F0,【R】TUA60-97401-4F0,ﾊﾞｯｸﾚｽﾄﾌﾚｰﾑASSY(TUA60)EG-ZN-C付,,,
74,45TUA6097428400S27,【R】TUA60-S27-97428-400,ﾊﾞｯｸﾚｽﾄﾌﾚｰﾑASSY(TUA60)EG-ZN-C付,,,
75,45TUA60974294A0S43,【R】TUA60-S43-97429-4A0,ﾊﾞｯｸﾚｽﾄﾌﾚｰﾑASSY(TUA60-S43),,,
76,45TUA60975014F0,【R】TUA60-97501-4F0,ﾊﾞｯｸﾚｽﾄﾌﾚｰﾑASSY(昇降)(TUA60)EG-ZN-C,,,
77,45TUA6097502400S27,【R】TUA60-S27-97502-400,ﾊﾞｯｸﾚｽﾄﾌﾚｰﾑASSY(昇降)(TUA60)EG-ZN-C付,,,
78,45TUA6031321501,【R】TUA60-31321-501,TUGｳｴｲﾄ(TUA60),,,
79,452565345003,【R】[ﾊﾞﾙｸ]TU97 3450-3,ﾎﾙﾀﾞｰ固定軸(TU97),自動品,,
80,45TUA6004337500,【R】TUA60-04337-500,DHｱｰﾑﾍﾞｰｽ(TUA60)EG-ZN-C付,自動品,,
81,45TUA6000001500E71,【R】TUA60-E71-00001-500,ﾎﾙﾀﾞｰ押え板(TUA60-E71),,,
82,45TUA60327085A0,【R】TUA60-32708-5A0,SPｱｼﾞｬｽﾀｰ(TUA60),,,
83,雑コード,,ﾋﾟｯﾄﾌﾚｰﾑR TUA60-S57 62074-500 ,単価：206,,
84,雑コード,,ﾋﾟｯﾄﾌﾚｰﾑL TUA60-S57 62073-500 ,単価：66,,
85,雑コード,,ｼﾙﾝﾀﾞｰﾓｰﾙﾄﾞ固定板TUA60 66126-500,単価：15,,
86,45TUA6011118500,【R】TUA60-11118-500,板金ｽﾍﾟｰｻｰ,,,
87,45TUA60146025B1,【R】TUA60-14602-5B1,ﾍﾞｰｽﾝ回転軸 OP電動ﾍﾞｰｽﾝ(TUA60),,,
,TUA40,,,,,
88,45TUA40141195A1,【R】TUA40-14119-5A1,ﾍﾞｰｽﾝﾍﾞｰｽ (固定)(TUA40)EG-ZN-C付,,,
89,45TUA40141225A0,【R】TUA40-14122-5A0,ﾍﾞｰｽﾝﾍﾞｰｽ 横(TUA40)EG-ZN-C付,,,
90,45TUA4015002501,【R】TUA40-15002-501,PCB ﾎﾙﾀﾞｰ(TUA40),,,
91,45TUA4041229400S16,【R】TUA40-S16-41229-400,ﾃｰﾌﾞﾙﾌﾚｰﾑASSY+VL･GBA(TUA40-S16),,,
92,45TUA40974014B0,【R】TUA40-97401-4B0,ﾊﾞｯｸﾚｽﾄﾌﾚｰﾑASSY(TUA40) EG-ZN-C,,,
93,45TUA4097410501,【R】TUA40-97410-501,ﾘﾌﾀｰｼﾞｮｲﾝﾄ(TUA40)EG-ZN-C付,,,
94,45TUA40974294A0S9,【R】TUA40-S9-97429-4A0,ﾊﾞｯｸﾚｽﾄﾌﾚｰﾑASSY(TUA40-S9)EG-ZN-C,,,
95,45TUA4032735500S18,【R】TUA40-S18-32735-500,ﾌﾞﾚｰｷ板(TUA40-S18),,,
96,45TUA4017029400E15,【R】TUA40-E15-17029-400,VCﾀﾝｸﾎﾙﾀﾞｰ ASSY(TUA40-E15),,,
97,雑コード,,ﾊﾞｯｸﾚｽﾄASSY　試97401-4B0,単価＠1010,,
,TUA70,,,,,
98,45TUA70111014B0,【R】TUA70-11101-4B0,ｲﾝﾅｰﾌﾚｰﾑASSY(TUA70),,,
99,45TUA7011113400S4,【R】TUA70-S4-11113-400,ｲﾝﾅｰﾌﾚｰﾑASSY(TUA70-S4)EG-ZN-C付,,,
100,45TUA7011113400S6,【R】TUA70-S6-11113-400,ｲﾝﾅｰﾌﾚｰﾑASSY(TUA70-S6),,,
101,45TUA7011115400S14,【R】TUA70-S14-11115-400,ｲﾝﾅｰﾌﾚｰﾑASSY(TUA70-S14)EG-ZN-C付,,,
102,45TUA7011201500,【R】TUA70-11201-500,ﾍﾞｰｽﾝ固定片(TUA70),,,
103,45TUA70112095A0,【R】TUA70-11209-5A0,ﾍﾞｰｽﾝ固定板(TUA70),,,
104,45TUA70116014B0,【R】TUA70-11601-4B0,ﾕﾆｯﾄﾍﾞｰｽASSY(TUA70),,,
105,45TUA7011610500,【R】TUA70-11610-500,ﾁｪｱ連結板(TUA70),,,
106,45TUA7066023500S4,【R】TUA70-S4-66023-500,シャットオフバルブ取付板(TUA70-S4),,,
107,45TUA7060120500S4,【R】TUA70-S4-60120-500,センターピットフレームカバー(TUA70-S4),,,
108,雑ｺｰﾄﾞ,,DHWS給水電磁弁取付板TUA70　12018-500,単価：12,,
,TUA20,,,,,
109,45TUA20011074A0,【R】TUA20-01107-4A0,ﾎﾞﾃﾞｨｰｻﾎﾟｰﾄASSY(TUA20)EG-ZN-C付,,,
110,45TUA20031075C0,【R】TUA20-03107-5C0,DHﾌﾚｰﾑ(TUA20)EG-ZN-C付,,,
111,45TUA2011110500,【R】TUA20-11110-500,ｲﾝﾅｰﾌﾚｰﾑ板 1(TUA20)EG-ZN-C付,,,
112,45TUA20114285A0,【R】TUA20-11428-5A0,ﾕﾆｯﾄﾌﾛﾝﾄ 板 E(TUA20)EG-ZN-C付,,,
113,45TUA2015003500,【R】TUA20-15003-500,PCB ﾎﾙﾀﾞｰ(TUA20)EG-ZN-C付,,,
114,45TUA2026313400,【R】TUA20-26313-400,運搬棒F ASSY(国内)(TUA20),,,
115,45TUA2031605500,【R】TUA20-31605-500,▲ﾁｬﾝﾈﾙﾘﾝｸ(TUA20),,,
116,45TUA2031707500,【R】TUA20-31707-500,ｽﾌﾟﾘﾝｸﾞｱｼﾞｬｽﾀｰ(TUA20),,,
117,45TUA20412054A0,【R】TUA20-41205-4A0,ﾃｰﾌﾞﾙｾﾝﾀｰ ASSY(TUA20)EG-ZN-C付,,,
118,45TUA20412065A2,【R】TUA20-41206-5A2,ﾃｰﾌﾞﾙ連結板(TUA20)EG-ZN-C付,,,
119,45TUA20412085B0,【R】TUA20-41208-5B0,ﾃｰﾌﾞﾙﾌﾚｰﾑL(TUA20)EG-ZN-C付,,,
120,45TUA20412095B0,【R】TUA20-41209-5B0,ﾃｰﾌﾞﾙﾌﾚｰﾑR(TUA20)EG-ZN-C付,,,
121,45TUA2046004500,【R】TUA20-46004-500,ﾓﾆﾀｰｳｪｲﾄ(TAB)(TUA20)EG-ZN-C付,,,
122,45TUA20601035C0,【R】TUA20-60103-5C0,ﾋﾟｯﾄﾌﾚｰﾑ(ﾕﾆｯﾄ下)(TUA20),,,
123,45TUA20601045C0,【R】TUA20-60104-5C0,ﾋﾟｯﾄﾌﾚｰﾑ(ﾕﾆｯﾄ下)2 (TUA20),,,
124,45TUA20601115A1,【R】TUA20-60111-5A1,ﾋﾟｯﾄ固定板 (TUA20),,,
125,45TUA2069103500,【R】TUA20-69103-500,ﾋﾟｯﾄ固定板(別置)(TUA20),,,
126,45TUA20823135A0,【R】TUA20-82313-5A0,安全ｽｲｯﾁﾍﾞｰｽ(TUA20)EG-ZN-C付,,,
127,45TUA20921014A1,【R】TUA20-92101-4A1,ｽﾗｲﾄﾞﾊﾞｰASSY(TUA20)EG-ZN-C付,,,
128,45TUA2085302500,【R】TUA20-85302-500,ｸﾗﾝｸ(TUA20)EG-ZN-C付,,,
129,45TUA20102065A0,【R】TUA20-10206-5A0,ﾕﾆｯﾄ ﾄﾞｱ補強板2(TUA20),,,
130,45TUA2019009500,【R】TUA20-19009-500,VCﾀﾝｸﾎﾙﾀﾞｰ右(TUA20),,,
131,45TUA2011416501,【R】TUA20-11416-501,ﾕﾆｯﾄﾌﾛﾝﾄ 上板(TUA20) EG-ZN-C付,,,
132,45TUA20601035C0,【R】TUA20-60103-5C0,ﾋﾟｯﾄﾌﾚｰﾑ(ﾕﾆｯﾄ下)(TUA20),,,
133,45TUA20601045C0,【R】TUA20-60104-5C0,ﾋﾟｯﾄﾌﾚｰﾑ(ﾕﾆｯﾄ下)2 (TUA20),,,
134,45TUA2063215500,【R】TUA20-63215-500,電磁弁取付板(TUA20)EG-ZN-C付,,,
135,45TUA60643025A0,【R】TUA60-64302-5A0,ｴｱｰ減圧弁取付板(TUA60),,,
136,45TUA2010208500,【R】TUA20-10208-500,ﾏｸﾞﾈｯﾄｷｰﾊﾟｰ2(TUA20)EG-ZN-C付,単価：17,,
137,45TUA2085304400,【R】TUA20-85304-400,ﾘﾌﾀｰﾘﾝｸ R ASSY(TUA20)EG-ZN-C付,,,
138,45TUA2085305400,【R】TUA20-85305-400,ﾘﾌﾀｰﾘﾝｸ L ASSY(TUA20)EG-ZN-C付,,,
139,45TUA2026321501,【R】TUA20-26321-501,荷造りﾊﾞﾝﾄﾞ(TUA20),自動品,,
140,45TUA2097409500,【R】TUA20-97409-500,ﾘﾌﾀｰｼﾞｮｲﾝﾄL(TUA20)EG-ZN-C付,,,
141,45TUA2097410500,【R】TUA20-97410-500,ﾘﾌﾀｰｼﾞｮｲﾝﾄR(TUA20)EG-ZN-C付,,,
142,45TUA2064502500S1,【R】TUA20-S1-64502-500,SV取付板(AVC)TUA20,,,
143,雑ｺｰﾄﾞ,,ﾁｬﾝﾈﾙﾘﾝｸ(TUA20)　試31605-500,単価：156,,
144,45TUA20412355A0S9,【R】TUA20-S9-41235-5A0,ﾃｰﾌﾞﾙﾌﾚｰﾑL（TUA20-S9）41235-500,単価：90,,
145,45TUA2041230400S9,【R】TUA20-S9-41230-400,ﾃｰﾌﾞﾙｾﾝﾀｰ ASSY(TUA20-S9) 41230-400,,,
146,45TUA2055103500,【R】TUA20-55103-500,ﾃｰﾌﾞﾙ連結板(SM)(TUA20)EG-ZN-C,,,
147,45TUA2046006500,【R】TUA20-46006-500,ｳｴｲﾄ1(SM)(TUA20),単価：\156,,
148,45TUA2046007500,【R】TUA20-46007-500,ｳｴｲﾄ2(SM)(TUA20),単価：\108,,
,TU110,,,,,
149,4524970601S7,【R】TU110-S7 0601,基板取付板(TU110-S7)EG-ZN-C付,,,
150,45T110+1300650000S04,【R】TU110+-S4-13006-500,基板取付板(TU110+-S4),,,
151,45T110+13007500,【R】TU110-13007-500,基板取付板(TU110+),,,
152,45T110+4500850000S09,【R】TU110+-S9-45008-500,TUGｳｪｲﾄⅡ(TU110+-S9),,,
153,45T110+4500950000S09,【R】TU110+-S9-45009-500,TUGｳｪｲﾄⅢ(TU110+-S9),,,
154,45T110+94604501,【R】TU110+-94604-501,ｽﾃｯﾌﾟﾌﾚｰﾑC(TU110+),,,
155,45T110+946215A0,【R】TU110-94621-5A0,ｽﾃｯﾌﾟｶﾞｲﾄﾞﾚｰﾙB (TU110+),,,
156,45T110+94685500,【R】TU110+-94685-500,ﾘﾆｱﾍﾞｱﾘﾝｸﾞ固定板(TU110+),,,
157,45TU110022400S7,【R】TU110-S7 0224,ｲﾝﾅｰﾌﾚｰﾑASSY(TU110-S7),,,
158,45TU110022900S7,【R】TU110-S7 0229,ｱｼｽﾄﾌﾟﾚｰﾄ(TU110-S7),,,
159,45TU11002307400,【R】TU110-02307-400,ｲﾝﾅｰﾌﾚｰﾑASSY(TU110),,,
160,45TU11002316500,【R】TU110-02316-500,ｶｯﾄﾌｨﾙﾀｰ取付板(TU110),,,
161,45TU11002320500,【R】TU110-02320-500,ｱｼｽﾄﾌﾟﾚｰﾄ(TU110),,,
162,45TU110080200S7,【R】TU110-S7 0802,ｳｫｰﾏｰ取付板(TU110-S7),,,
163,45TU110081025A0,【R】TU110-08102-5A0,ｳｫｰﾏｰ取付板(TU110),,,
164,45TU11011021500,【R】TU110-11021-500,ﾄﾗｯﾌﾟｻﾎﾟｰﾄ(TU110),,,
165,45TU11014201501,【R】TU110-14201-501,ｼｬｯﾄｵﾌﾊﾞﾙﾌﾞ取付板(TU110),,,
166,45TU110172314A0,【R】TU110-17231-4A0,VCﾀﾝｸﾌﾚｰﾑ(TU110),,,
167,45TU11018104500,【R】TU110-18104-500,AVCｱﾀｯﾁﾒﾝﾄ(TU110),,,
168,45TU110481500S5,【R】TU110-S5 4815,SC/VL基板･LED基板取付板(TU110-S5),,,
169,45TU110601035A1,【R】TU110-60103-5A1,ﾋﾟｯﾄﾌﾚｰﾑ(TU110),,,
170,45TU110645025A0,【R】TU110-64502-5A0,SV取付板(TU110),,,
171,45TU11067301500,【R】TU110-67301-500,ﾌｨﾙﾀｰ取付板(TU110),,,
172,45TU11086101400,【R】TU110-86101-400,ﾎﾞﾃﾞｨｰｻﾎﾟｰﾄASSY(TU110),,,
173,45TU11092016502,【R】TU110-92016-502,ﾌﾗﾝｼﾞｼｬﾌﾄ(TU110),,,
174,45TU11094029500,TU110-94029-500,ｽﾃｯﾌﾟ軸(TU110),,,
175,45TU11097213500,【R】TU110-97213-500,ﾋﾝｼﾞ受け(TU110),,,
176,45TU11000001500E25,【R】TU110-E25-00001-500,ﾍﾞｰｽﾌﾟﾚｰﾄ(TU110-E25),,,
177,45T110+946215A0,【R】TU110-94621-5A0,ｽﾃｯﾌﾟｶﾞｲﾄﾞﾚｰﾙB (TU110+),,,
178,45T110+94604501,【R】TU110+-94604-501,ｽﾃｯﾌﾟﾌﾚｰﾑC(TU110+),,,
,TU201,,,,,
179,4525663215A1,【R】TU201 A3215-1,ﾘﾝｸ(TU201),,,
180,452566850103,【R】TU201 8501-3,取付板(TU201),,,
181,4525661654B0,【R】TU201 B1654,除菌ｶｰﾄﾘｯｼﾞ固定板(TU201),,,
182,4525661658A0,【R】TU201 A1658,除菌ｶｰﾄﾘｯｼﾞ取付板(TU201),,,
183,452566322501,【R】TU201 3225-1,ﾌﾞﾚｰｷ板(TU201)EG-ZN-C付,,,
184,4525663034A1,【R】TU201 A3034-1,ｽﾌﾟﾘﾝｸﾞｱｼﾞｬｽﾀｰ(TU201),,,
185,4525663036A0,【R】TU201 A3036,ﾛｯｸﾎﾞﾃﾞｲ(TU201),,,
186,4525669310A1,【R】TU201 A9310-1,ｼﾘﾝﾀﾞｰﾈｼﾞEﾘﾝｸﾞ溝付(TU201),,,
,TU101/TU101N/TU1012,,,,,
187,4524940116A0,TU101 A0116,ﾎﾞﾃﾞｨｰｻﾎﾟｰﾄASSY(TU101),,,
188,4524941414,【R】TU101 1414,ｼｬｯﾄｵﾌﾊﾞﾙﾌﾞ取付板(TU101),,,
189,4524941501,【R】TU101 1501,ﾌｨﾙﾀｰ取付板(TU101),,,
190,4524941701,【R】TU101 A1701,VCﾀﾝｸ取付板(TU101),,,
191,452494174501,【R】TU101 1745-1,ﾀﾝｸ取付板SUB(TU101),,,
192,4524941757,【R】TU101 1757,配管ｻﾎﾟｰﾄ(TU101),,,
193,4524941802,【R】TU101 A1802,AV取付板(TU101),,,
194,4524942550,【R】TU101 2550,荷造りﾊﾞﾝﾄﾞ(TU101),自動品,,
195,4524943507,【R】TU101 3507,ﾃｰﾌﾞﾙﾌﾚｰﾑB(TU101),,,
196,452494352901,【R】TU101 3529-1,FVｳｪｲﾄ(TU101),,,
197,4524943531A1,【R】TU101 A3531-1,TUGｳｪｲﾄⅠ(TU101),,,
198,4524943532A2,【R】TU101 A3532-2,TUGｳｪｲﾄⅡ(TU101),,,
199,452494353302,【R】TU101 3533-2,TUGｳｪｲﾄⅢ(TU101),,,
200,4524944067,【R】TU101 4067,LED基板取付板(TU101),,,
201,4524944810,【R】TU101 4810,SC/VL基板取付板(TU101),,,
202,4524946015S9,TU101-S9 6015-1,ﾋﾟｯﾄﾌﾚｰﾑ(TU101-S9),,,
203,4524946204A0,【R】TU101 A6204,ﾋｭｰｽﾞﾎﾞｯｸｽ(TU101),,,
204,4524946405D0,【R】TU101 D6405,ﾊﾞﾙﾌﾞ取付板(TU101),,,
205,452494802401,【R】TU101 8024-1,運搬棒R (国内)(TU101)EG-ZN-C付,,,
206,452494803101,【R】TU101 8031-1,運搬棒F ASSY(国内)TU101,自動品,,
207,4524948501A0,【R】TU101 8501-1,取付板(TU101),,,
208,45T210101107400,【R】TU1012-01107-400,ﾎﾞﾃﾞｨｰｻﾎﾟｰﾄASSY(TU1012),,,
209,45T210155212501,【R】TU1012-55212-501,ﾃｰﾌﾞﾙｳｪｲﾄ(TU1012),,,
210,45T21016023050000S02,【R】TU1012-S2-60230-500,ﾋﾟｯﾄ固定板 (TU1012-S2),,,
211,45T21016024150000S04,【R】TU1012-S4-60241-500,ﾋﾟｯﾄﾌﾚｰﾑ(TU1012-S4),,,
212,45TN10100006500E10,【R】TU101N-E10-00006-500,電磁弁取付板(TU101N-E10)EG-ZN-C付,,,
213,45TN10111015400,【R】TU101N-11015-400,ｲﾝﾅｰﾌﾚｰﾑASSY(TU101N),,,
214,45TN10131801500,【R】TU101N-31801-500,SPﾘﾝｸ(TU101N),,,
215,45TN101411015B0,【R】TU101N-41101-5B0,ﾃｰﾌﾞﾙﾌﾚｰﾑF(TU101N),,,
,TU301,,,,,
216,45T301+110014C0,【R】TU301+-11001-4C0,ｲﾝﾅｰﾌﾚｰﾑASSY (TU301+),,,
217,45T301+1101440000S10,【R】TU301+-S10-11014-400,ｲﾝﾅｰﾌﾚｰﾑASSY (TU301+-S10),,,
218,45T301+12009500,【R】TU301+-12009-500,ﾊﾞﾙﾌﾞﾕﾆｯﾄ取付板 (TU301+),,,
219,45T301+1500650000S10,【R】TU301+-S10-15006-500,ﾕﾆｯﾄ制御盤(TU301+-S10),,,
220,45T301+15007502,TU301+-15007-502,ﾕﾆｯﾄ制御盤(TU301+),,,
221,45T301+15043500,【R】TU301+-15043-500,ｺﾈｸﾀｰｶﾊﾞｰ (TU301+),,,
222,45T301+17232501,【R】TU301+-17232-501,ﾌｨﾙﾀｰｹｰｽ取付板 (TU301+),,,
223,45T301+17601500,【R】TU301+-17601-500,ｼｬｯﾄｵﾌﾊﾞﾙﾌﾞ取付板 (TU301+),,,
224,45TU30111006500,【R】TU301-11006-500,ﾕﾆｯﾄﾊﾟﾈﾙﾌﾞﾗｹｯﾄ(TU301),,,
225,45TU30111010500,【R】TU301-11010-500,ｼﾞｮｲﾝﾄﾌﾞﾗｹｯﾄ(TU301),,,
226,45TU301110325A0,【R】TU301-11032-5A0,ﾕﾆｯﾄｻｲﾄﾞｶﾊﾞｰ取付板A(TU301),,,
227,45TU30111054501,【R】TU301-11054-501,ﾕﾆｯﾄｻｲﾄﾞｶﾊﾞｰ取付板B (TU301),,,
228,45TU30112008501,【R】TU301-12008-501,ｱｼｽﾄﾌﾟﾚｰﾄ(TU301),,,
229,45TU3011201350000S15,【R】TU301-S15-12013-500,ｱｼｽﾄﾌﾟﾚｰﾄ(TU301-S15),,,
230,45TU30112403500,【R】TU301-12403-500,ｳｫｰﾏｰｶﾊﾞｰ上(TU301),,,
231,45TU30112404500,【R】TU301-12404-500,ｳｫｰﾏｰｶﾊﾞｰ下(TU301),,,
232,45TU3011500650000S15,【R】TU301-S15-15006-500,ｻｰｷｯﾄﾊｳｼﾞﾝｸﾞ(TU301-S15),,,
233,45TU301150075A0,【R】TU301-15007-5A0,ｻｰｷｯﾄﾊｳｼﾞﾝｸﾞ(TU301),,,
234,45TU30126306400,【R】TU301-26306-400,ﾕﾆｯﾄ運搬棒ASSY(TU301),,,
235,45TU30134706500,【R】TU301-34706-500,SPｱｼﾞｬｽﾀ-(TU301),,,
236,45TU30146003502,【R】TU301-46003-502,ﾍﾞｰｼｯｸｳｪｲﾄ(TU301),,,
237,45TU301460055A1,【R】TU301-46005-5A1,TUGﾌﾟﾚｰﾄｳｪｲﾄ(TU301),,,
238,45TU301460065A2,【R】TU301-46006-5A2,TUGﾌﾞﾛｯｸｳｪｲﾄ(TU301),,,
239,45TU30167004500,【R】TU301-67004-500,除菌ﾌｨﾙﾀｰ取付板(TU301),,,
240,45TU30167503500,【R】TU301-67503-500,ｶｰﾄﾘｯｼﾞ押さえ板(TU301),,,
241,45TU30167505500,【R】TU301-67505-500,ｿｹｯﾄ押さえ板(TU301),,,
242,45TU30167509500,【R】TU301-67509-500,ｶｰﾄﾘｯｼﾞ目隠し板(TU301),,,
243,45TU30197402403,【R】TU301-97402-403,ﾊﾞｯｸﾚｽﾄﾌﾚｰﾑASSY(TU301),,,
244,45TU30197504400,【R】TU301-97504-400,ﾊﾞｯｸﾚｽﾄ昇降ﾌﾚｰﾑASSY(TU301),,,
245,45TU30197514501,【R】TU301-97514-501,ﾊﾞｯｸﾚｽﾄ固定ﾌﾚｰﾑA(TU301),,,
246,45TU30100004500E2,【R】TU301-E2-00004-500,ﾏｲｸﾛ固定軸B(TU301-E2),,,
247,45TU30100005500E2,【R】TU301-E2-00005-500,ﾏｲｸﾛ固定軸止め板(TU301-E2),,,
,CL201,,,,,
248,4551200113A0,【R】CL201 A0113,ﾁｬﾝﾈﾙA ASSY(CL201),,,
249,455132051500E3,【R】EL201-E3 0515,ﾁｬﾝﾈﾙA ASSY(old)(EL201-E3),,,
,ESA01,,,,,
250,45514200508500,【R】ESA01-00508-500,押さえ板(ESA01),,,
251,455142001095B0,【R】ESA01-00109-5B0,ｼｬﾌﾄﾅｯﾄ(ESA01),,,
252,45514200321500,【R】ESA01-00321-500,ハンガーシャフトナット(ESA01),,,
253,45514200308500,【R】ESA01-00308-500,回転軸ｼｬﾌﾄﾅｯﾄ(ESA01),,,
254,45514200323500 ,,回転軸ｼｬﾌﾄ(ESA01),,,
,FWG01,,,,,
255,45FWG01011105A0,【R】FWG01-01110-5A0,電磁弁ｽﾃｲ(FWG01),,,
256,45FWG01021065A0,【R】FWG01-02106-5A0,希釈ﾀﾝｸｼﾞｮｲﾝﾄ押え板(FWG01)EG-ZN-C付,,,
257,45FWG0102114500,【R】FWG01-02114-500,ﾍｯﾄﾞ固定板(FWG01)EG-ZN-C付,,,
258,45FWG01030025B0,FWG01-03002-5B0,ｴｱ用電磁弁ｽﾃｲ(FWG01),,,
259,45FWG01040215A0,FWG01-04021-5A0,ﾍﾞｰｽﾏﾆﾎｰﾙﾄﾞ取付板(FWG01),,,
260,45FWG01051015C1,【R】FWG01-05101-5C1,薬液供給ｽﾃｲ(FWG01),,,
261,45FWG01052015A0,FWG01-05201-5A0,計量器ﾍﾞｰｽ(FWG01),,,
262,45FWG01070014C0,【R】FWG01-07001-4C0,ｲﾝﾅｰﾌﾚｰﾑASSY (FWG01),,,
263,45FWG01070095A0,FWG01-07009-5A0,ｱﾝｶｰﾌﾟﾚｰﾄA (FWG01),,,
264,45FWG0109101500,FWG01-09101-500,ｱﾝｶｰﾌﾟﾚｰﾄB (FWG01),,,
265,45FWG0111101400,【R】FWG01-11101-400,ﾍﾞｰｽｲﾝﾅｰﾌﾚｰﾑ ASSY(FWG01),,,
,MUX,,,,,
266,45MUX0025203501,【R】MUX-25203-501,ﾊﾞｷｭｰﾑｷｬｯﾌﾟ(MUX)EG-ZN-C,,,
267,45MUX00413025A4,【R】MUX-41302-5A4,ﾊﾝｶﾞｰ取付板(1)(MUX)EG-ZN-C黒付,,,
268,45MUX00611015C0,【R】MUX-61101-5C0,ﾋﾟｯﾄﾌﾚｰﾑ(MUX)EG-ZN-C付,,,
269,45MUX00611135B0,【R】MUX-61113-5B0,ﾊﾞﾙﾌﾞ取付板(MUX),,,
270,45MUX00922014C0,【R】MUX-92201-4C0,ﾄﾚｰｱｰﾑｶﾞｲﾄﾞR_ASSY(MUX),,,
271,45MUX00922044A0,【R】MUX-92204-4A0,ﾄﾚｰｱｰﾑｶﾞｲﾄﾞL_ASSY(MUX),,,
272,45MUX0095104500,【R】MUX-95104-500,角度調節ﾛｯﾄﾞ(MUX),,,
273,45MUX00413125B3,【R】MUX-41312-5B3,ﾊﾝｶﾞｰ取付板（2）左右利A(MUX),,,
274,45MUX00611125A0,【R】MUX-61112-5A0,ﾊﾞﾙﾌﾞﾎｰﾙｶﾊﾞｰ(MUX),,,
275,45MUX00961045B1,【R】MUX-96104-5B1,ｶｯﾄﾌｨﾙﾀ取付板(MUX)EG-ZN-C付,,,
276,45MUX00413055A2,【R】MUX-41305-5A2,ﾊﾝｶﾞｰ取付板(2)右利B)(MUX)EG-ZN-C黒付,,,
277,45MUX0061125500,【R】MUX-61125-500,ﾋﾟｯﾄ固定板(MUX)EG-ZN-C付,,,
,RFA5,,,,,
278,452605026045B1,【R】RFA5-02604-5B1,ﾊﾝﾄﾞﾙﾎﾟｰﾙ下(RFA5)EG-ZN-C付,,,
279,452605026105A0,【R】RFA5-02610-5A0,ﾊﾝﾄﾞﾙ中間板(RFA5)EG-ZN-C付,,,
280,452605026085B0,【R】RFA5-02608-5B0,ﾊﾝﾄﾞﾙ支柱(RFA5)酸洗処理,納期：中1日,,
281,452605026035A0,【R】RFA5-02603-5A0,ﾊﾝﾄﾞﾙﾍﾞｰｽ(RFA5)EG-ZN-C付,,,
,TU90,,,,,
282,452510801902,【R】[ﾊﾞﾙｸ]TU90 8019-2,運搬棒,,,
,VM115,,,,,
283,45VM115100084B0,【R】VM115-10008-4B0,本体ｼｬｰｼASSY (VM115),,,
,VTC1/VTC3,,,,,
284,4525940540,【R】VTC1 0540-1,連結ﾌﾞﾗｹｯﾄASSY(VTC1),,,
285,45VTC0301217500,【R】VTC3-01217-500,ｿｹｯﾄ押さえ板(VTC3)EG-ZN-C付,,,
286,45VTC0341007500,【R】VTC3-41007-500,ﾄｯﾌﾟｶﾊﾞｰﾌﾚｰﾑ(VTC3)EG-ZN-C付,,,
,MTEC1/MTEU1,,,,,
287,45047285101501,【R】M140-85101-501,薬ﾋﾞﾝﾎﾙﾀﾞｰ受け板 (MTEU1-33001),,,
288,45047310110503,【R】M141-10110-503,ﾍﾟﾀﾞﾙ裏板(MTEC1 11011)三価ﾕﾆｸﾛ鍍金,,,
289,45047337101501,M141-37101-501,ｱｰﾑﾚｽﾄﾍﾞｰｽ板 (MTEC1-20701),,,
290,45047341205502,M141-41205-502,ｸﾗﾝｸA (MTEC1-22104),,,
291,45047344112504,M141-44112-504,固定ﾛｯﾄ (MTEC1-22207),,,
292,45047344136503,M141-44136-503,ﾛｯｸ本体B (MTEC1-22222),,,
293,45MTEC122229500,【R】MTEC1-22229-500,ﾍｯﾄﾞ取付台B(MTEC1),,,
294,45MTEC112001500,【R】MTEC1-12001-500,ﾍﾞｰｽ (MTEC1-12001),単価：3000,MTEC1-12001-500,42MTEC112001500
295,45MTEC112036401S1,MTEC1-S1-12036-401,ﾍﾞｰｽ(MTEC1-S1) ,単価：4500,MTEC1-S1-12036-401,
,学校関係,,,,,
296,45F012N00005502,【R】F-12N-00005-502,,,,
297,45900512001501,【R】NDUM22-12001-501,ﾁｭｰﾌﾞ取付板(NDUM22),,,
298,45900518014500 ,,ｴｱｰ電磁弁取付板(2連)(NDUM22),,,
299,45900518019500 ,,水用電磁弁取付板(2連)(NDUM22),,,
300,45TUA60146025B1,【R】TUA60-14602-5B1,ベースン回転軸 OP電動ベースン,,,
301,4566110006A1,【R】FC-600R A0006-1,VR取付板(FC 600R),,,
302,45901518055500,【R】TUMH23-18055-500,SC基板取付板(TUMH23),,,
,TU86,,,,,
303,4521703230,【R】TU86 A3230-1,SPｱｼﾞｬｽﾀｰ(TU86),,,
,OT-1,,,,,
304,4519060018,【R】OT-1 0018,排油ﾊﾟｲﾌﾟASSY(OT-1),細い,,
305,4519060019,【R】OT-1 0019-1,給油ﾊﾟｲﾌﾟASSY(OT-1),太い,,
,FP7,,,,,
306,4560110009,【R】FP-7 0009-1,ｼﾘﾝﾀﾞｰ(FP-7),,,
307,4560110013,【R】FP-7 0013-1,ﾗﾑ(FP-7),,,
308,4560110053,【R】FP7 0053,ｺﾈｸﾀｰASSY (FP7),,,
309,4560110068A0,FP7 A0068,ﾀﾝｸASSY(FP7),,,
,TU97N,,,,,
310,4525736031,【R】TU97N 6031,ﾋﾟｯﾄﾌﾚｰﾑASSY(TU97N),,,
311,452565345003,【R】[ﾊﾞﾙｸ]TU97 3450-3,ﾎﾙﾀﾞｰ固定軸(TU97),自動品,,
312,4525732105,【R】TU97N A2105,ﾎｰｽ固定金具(TU97N),,,
313,4525739011A1,【R】 TU97N A9011-1,ﾛｰﾗｰﾎﾙﾀﾞｰ(TU97N),,,
,NB1,,,,,
314,45NB00120220500,NB1-20220-500,固定板 (NB1),,,
,CSB1,,,,,
315,45260121006500,【R】CSB1-21006-500,ﾎﾙﾀﾞｰ底板(CSB1)EG-ZN-C付,,,
,MTEU1-ES-E6,,,,,
316,45MTEES00001500E6,R】MTEU1-ES-E6-00001-500,補強底板A(MTEU1-ES-E6),,,
,MT10,,,,,
317,450605210061501,【R】MT10-10061-501,基板取付板 (MT10),,,
,TLA01,,,,,
318,45TLA0100321500,【R】TLA01-00321-500,ﾊﾝｶﾞｰｼｬﾌﾄﾅｯﾄ(TLA01),,,
319,45TLA0100323500,【R】TLA01-00323-500,回転軸ｼｬﾌﾄ(TLA01),,,
329,45TLA0100405500,【R】TLA01-00405-500,ﾊﾝｶﾞｰｼｬﾌﾄ(TLA01),,,
,ECA40,,,,,
330,A000215-45,【R】EUA40-24101-401,アームレスト右ASSY,,,
331,A000225-45,【R】EUA40-24201-401,アームレスト左ASSY,,,
,MUX,,,,,
332,45MUX00621015A0,【R】MUX-62101-5A0,別置ﾋﾟｯﾄﾌﾚｰﾑ,,,
,TUA40（BS）,,,,,
333,45TUA4062158500S28,【R】TUA40-S28-62158-500,ピット固定板（BS）,,,
334,45TUA4060504500S28,【R】TUA40-S28-60504-500,メインスイッチ補強板,,,
335,45TUA4060508500S28,【R】TUA40-S28-60508-500,メインスイッチカバー,,,
336,45TUA40112025B0,【R】TUA40-11202-5B0,ベースン固定ホルダー（TUA40）,,,
,TU92,,,,,
337,4525651301,【R】TU97-1301,VCジョイントASSＹ,,,
,TUA20,,,,,
338,45TUA2012206500S4,【R】TUA20-S4-12206-500,鉢洗い電磁弁取付板,,,
,TU97,,,,,
339,4525656715A0,【R】TU97-A6715,マイクロSW取付板,,,
,TUA20,,,,,
340,45TUA2000001500E5,【R】TUA20-E5-00001-500,背板ウェイト,,,
341,45TUA2000002500E5,【R】TUA20-E5-00002-500,背板ウェイトC,,,
342,45TUA2000003500E5,【R】TUA20-E5-00003-500,リフタージョイントL,,,
343,45TUA2000004500E5,【R】TUA20-E5-00004-500,リフタージョイントR,,,
,,,,,,
,,,,,,
